MM,DD,hh,mm,WTMP,ATMP,PRES,WVHT
9,11,19,30,29.1,28.9,1016.8,
9,11,19,20,29.2,28.9,1017.0,0.8
9,11,19,10,29.1,28.8,1017.1,0.8
9,11,19,0,29.1,28.8,1017.2,
9,11,18,50,29.1,28.7,1017.4,0.8
9,11,18,40,29.1,28.7,1017.4,
9,11,18,30,29.1,28.7,1017.4,
9,11,18,20,29.1,28.7,1017.5,0.8
9,11,18,10,29.0,28.7,1017.6,
9,11,18,0,29.1,28.7,1017.8,
9,11,17,50,29.1,28.7,1017.7,0.8
9,11,17,40,29.1,28.7,1017.8,0.8
9,11,17,30,29.0,28.6,1017.8,
9,11,17,20,29.0,28.7,1017.9,0.8
9,11,17,10,29.0,28.6,1018.0,
9,11,17,0,29.0,,1018.1,
9,11,16,50,28.9,28.6,1018.1,
9,11,16,40,,28.6,1018.3,
9,11,16,30,,28.6,1018.5,
9,11,16,20,28.9,,1018.3,
9,11,16,10,28.9,28.6,1018.4,
9,11,16,0,28.9,,1018.5,
9,11,15,50,28.9,28.6,1018.5,
9,11,15,40,28.9,28.5,1018.6,
9,11,15,30,28.9,28.6,1018.5,
9,11,15,20,28.9,28.5,1018.5,
9,11,15,10,28.9,28.5,1018.4,
9,11,15,0,,28.5,1018.3,
9,11,14,50,28.8,28.5,1018.3,0.8
9,11,14,40,28.9,28.5,1018.2,0.8
9,11,14,30,28.8,28.5,1018.2,
9,11,14,20,28.8,28.5,1018.1,0.8
9,11,14,10,28.8,28.5,1018.0,0.8
9,11,14,0,28.8,28.5,1018.0,
9,11,13,50,28.8,28.5,1018.1,0.8
9,11,13,40,28.8,28.4,1018.0,
9,11,13,30,28.8,28.4,1017.9,
9,11,13,20,28.8,28.4,1017.8,0.8
9,11,13,10,28.8,28.4,1017.8,0.8
9,11,13,0,28.8,28.3,1017.9,
9,11,12,50,28.8,28.4,1018.0,0.8
9,11,12,40,28.8,28.4,1018.0,0.8
9,11,12,30,28.8,28.3,1018.0,
9,11,12,20,28.8,28.3,1017.9,0.8
9,11,12,10,28.8,28.3,1018.0,0.8
9,11,12,0,28.8,28.3,1018.0,
9,11,11,50,28.8,28.2,1017.9,0.7
9,11,11,40,28.8,28.2,1017.9,
9,11,11,30,28.8,28.2,1017.7,
9,11,11,20,28.8,28.2,1017.7,0.8
9,11,11,10,28.8,28.1,1017.5,0.8
9,11,11,0,28.8,28.1,1017.3,
9,11,10,50,28.8,28.1,1017.2,0.8
9,11,10,40,28.8,28.1,1017.3,
9,11,10,30,28.8,28.1,1017.3,
9,11,10,20,28.8,28.1,1017.2,0.7
9,11,10,10,28.8,28.1,1017.1,0.7
9,11,10,0,28.8,28.1,1017.0,
9,11,9,50,28.8,28.1,1016.9,0.8
9,11,9,40,28.8,28.1,1016.9,
9,11,9,30,28.8,28.1,1016.8,
9,11,9,20,28.8,28.1,1016.9,0.8
9,11,9,10,28.8,28.2,1016.7,0.8
9,11,9,0,28.8,28.2,1016.9,
9,11,8,50,28.8,28.2,1016.9,0.7
9,11,8,40,28.8,28.2,1017.0,
9,11,8,30,28.8,28.1,1016.9,
9,11,8,20,28.8,28.2,1017.0,0.8
9,11,8,10,28.8,28.2,1017.2,0.8
9,11,8,0,28.8,28.2,1017.1,
9,11,7,50,28.8,28.2,1017.2,0.8
9,11,7,40,,,,0.8
